{
  "eye": {
    "orientation": [
      -0.20691443979740143,
      -0.11521483212709427,
      0.008704595267772675,
      0.9715123772621155
    ],
    "magnitude": 0.5773502588272095,
    "position": [
      -66.4515380859375,
      75.51409912109375,
      174.2252197265625
    ]
  },
  "radius": 100,
  "type": "PERSPECTIVE"
}