{
  "eye": {
    "orientation": [
      -0.011619551107287407,
      0.5877639055252075,
      0.7738860845565796,
      -0.23558247089385986
    ],
    "magnitude": 0.5773502588272095,
    "position": [
      -88.22563171386719,
      271.3241882324219,
      92.73368072509766
    ]
  },
  "radius": 150,
  "type": "PERSPECTIVE"
}