{
  "eye": {
    "orientation": [
      0.5878320932388306,
      -0.22794458270072937,
      0.5328710079193115,
      -0.5643964409828186
    ],
    "magnitude": 0.5773502588272095,
    "position": [
      764.6675415039062,
      533.1190185546875,
      63.8656005859375
    ]
  },
  "radius": 400,
  "type": "PERSPECTIVE"
}