{
  "eye": {
    "orientation": [
      0.07233972102403641,
      -0.583300769329071,
      0.7814780473709106,
      -0.2093307077884674
    ],
    "magnitude": 0.5773502588272095,
    "position": [
      750.1016845703125,
      -1850.8902587890625,
      649.32666015625
    ]
  },
  "radius": 150,
  "type": "PERSPECTIVE"
}