{
  "eye": {
    "orientation": [
      0.04231256619095802,
      0.3081170618534088,
      0.7548828125,
      0.5774301290512085
    ],
    "magnitude": 0.5773502588272095,
    "position": [
      1144.47802734375,
      857.3082275390625,
      1268.600830078125
    ]
  },
  "radius": 600,
  "type": "PERSPECTIVE"
}