{
  "eye": {
    "orientation": [
      -0.17568469047546387,
      -0.2965029776096344,
      -0.2182708978652954,
      0.9130053520202637
    ],
    "magnitude": 0.5773502588272095,
    "position": [
      -103.39263916015625,
      1080.8931884765625,
      1519.70458984375
    ]
  },
  "radius": 800,
  "type": "PERSPECTIVE"
}