{
  "eye": {
    "orientation": [
      -0.014378271996974945,
      -0.681067168712616,
      0.6974811553955078,
      -0.22239801287651062
    ],
    "magnitude": 0.5773502588272095,
    "position": [
      53.05067825317383,
      -194.600830078125,
      14.624967575073242
    ]
  },
  "radius": 100,
  "type": "PERSPECTIVE"
}