{
  "eye": {
    "orientation": [
      -0.5214200019836426,
      -0.21031810343265533,
      0.3024619519710541,
      0.769677996635437
    ],
    "magnitude": 0.5773502588272095,
    "position": [
      -127.86317443847656,
      135.0778350830078,
      73.51820373535156
    ]
  },
  "radius": 100,
  "type": "PERSPECTIVE"
}