{
  "eye": {
    "orientation": [
      -0.5661616325378418,
      -0.32142817974090576,
      0.5300201773643494,
      0.5433447360992432
    ],
    "magnitude": 0.5773502588272095,
    "position": [
      -189.92759704589844,
      54.73958969116211,
      30.51280403137207
    ]
  },
  "radius": 100,
  "type": "PERSPECTIVE"
}