{
  "eye": {
    "orientation": [
      0.07434942573308945,
      0.2172970175743103,
      -0.7420859336853027,
      -0.6297322511672974
    ],
    "magnitude": 0.5773502588272095,
    "position": [
      7.390324115753174,
      -45.29336166381836,
      276.2135314941406
    ]
  },
  "radius": 480.0000305175781,
  "type": "PERSPECTIVE"
}