{
  "eye": {
    "orientation": [
      0.1120426207780838,
      -0.31394195556640625,
      0.9209709167480469,
      -0.20174145698547363
    ],
    "magnitude": 0.5773502588272095,
    "position": [
      271.5497131347656,
      -315.3124084472656,
      567.6312255859375
    ]
  },
  "radius": 400,
  "type": "PERSPECTIVE"
}