{
  "eye": {
    "orientation": [
      0.3797915577888489,
      -0.12320961803197861,
      -0.011368975043296814,
      0.9167597889900208
    ],
    "magnitude": 0.5773502588272095,
    "position": [
      -283.8686218261719,
      -192.45425415039062,
      2000
    ]
  },
  "radius": 1000,
  "type": "PERSPECTIVE"
}