{
  "eye": {
    "orientation": [
      -0.28108131885528564,
      0.13757899403572083,
      0.020774047821760178,
      0.9495440125465393
    ],
    "magnitude": 0.5773502588272095,
    "position": [
      692.6995849609375,
      1826.5345458984375,
      2214.62744140625
    ]
  },
  "radius": 1500,
  "type": "PERSPECTIVE"
}