{
  "eye": {
    "orientation": [
      0.2905679941177368,
      0.3811641037464142,
      0.5825198888778687,
      0.6564714908599854
    ],
    "magnitude": 0.5773502588272095,
    "position": [
      2013.5584716796875,
      150.40499877929688,
      1297.292236328125
    ]
  },
  "radius": 1200,
  "type": "PERSPECTIVE"
}